iter	RMSE
0	894.8733336
999	317.7420087
